{"cycles": [3, 5, 9, 2, 8, 12, 7, 6, 17, 14, 16, 13, 15, 4, 11, 10], "price_costs": [13.765815001002109, 14.457362563491156, 14.522558750532983, 16.651890801108134, 18.497241729750048, 18.687118921432194, 18.945889187684514, 18.98504485653978, 19.01632220720274, 19.44310595922297, 20.005670257564358, 20.087119991582757, 22.16361718362521, 22.19804776947022, 22.66486065475145, 38.03192314610163], "on_times": [[349.21153451289354, 350.78846546438297, 59.11250002272354], [10.000000000104384, 333.97902932301236, 281.9052972737709, 123.18178096315442, 10.046392440069862], [10.0, 10.00000000000002, 217.36200479615403, 215.2924257448636, 217.34556943178941, 59.11250002719294, 10.000000000000002, 10.000000000000012, 10.0], [634.5561043108119, 124.55639570985032], [10.000000000026569, 46.288970413074814, 148.21128940029593, 148.12612361448913, 148.24309360784204, 148.13090540131043, 85.38147922646776, 24.730638336590168], [10.000000010531956, 10.000000027294387, 23.4200916407297, 197.01044532053973, 192.75349263278997, 193.08631375838186, 10.000002915949812, 82.84215492444488, 10.00000035702736, 10.000000000019096, 10.00000000001761, 10.000000000019334], [65.58751668081256, 131.4471697638074, 131.44716976380735, 131.44716533337117, 131.44716133178736, 102.14880136438227, 65.58751576565746], [61.51877946463995, 171.20636228385047, 171.20636189689702, 171.20636189689702, 122.45585499744868, 61.51877946029064], [10.000024666898119, 10.000024680661921, 72.36589377333353, 107.24029463059703, 107.24037397036626, 107.24037500695468, 107.24037516790092, 107.2223643508546, 50.56277375159194, 10.0, 10.0, 10.0, 10.000000000178561, 10.000000000178561, 10.000000000178561, 10.000000000178561, 10.000000000178561], [10.00000003585249, 10.00000003585249, 10.000000040544204, 10.00000003585249, 10.00000003585249, 10.000000018030116, 10.000000035754875, 10.000000014882822, 10.00000012236486, 254.69959204545282, 253.4640267700816, 103.57932442554109, 33.065446508086154, 24.304109882853755], [10.000007784319815, 10.000007784326643, 95.58809672775521, 102.94685349904961, 102.94693627907078, 102.9469053600148, 102.94692110332605, 102.9469370090676, 58.78983445344504, 10.0, 10.0, 10.000000000000014, 10.000000000000009, 10.000000000000009, 10.000000000000009, 10.000000000000009], [30.083465502201598, 70.80581849364248, 103.4619825361968, 103.4619856288204, 103.4619866356429, 103.46197411560489, 103.46192278042108, 70.82981831141393, 30.083545996672424, 10.000000000000005, 10.000000000000004, 10.000000000000004, 10.000000000000002], [19.200711464448602, 19.20071146460804, 19.20071144597937, 19.200696782532816, 19.200696782532862, 21.265284750448586, 21.26529136542403, 22.91773053192902, 22.917730037842627, 97.08844175748584, 97.08844175746992, 97.08844173877401, 96.27784330984558, 94.62045537778577, 92.57931143290055], [186.84326386239815, 202.49554551570654, 202.49554894917057, 167.27814167272575], [27.695240490756508, 27.60773378687844, 33.809525752832464, 57.035668341624195, 57.1734676376131, 57.17572556374607, 55.53812062019668, 57.10966977111902, 57.17253418960846, 248.7947859788375, 80.00002787089791], [10.0, 10.0, 10.0, 10.001215032485588, 10.001215032413086, 10.000000000000245, 41.08323436130168, 57.5481529537856, 69.37594255747256, 531.1027400625414]], "off_times": [[10.0, 10.0, 150.88749999999993], [22.73347297480426, 22.733473018614927, 22.733473112982573, 22.733473318803377, 79.95360758112155], [10.0, 10.0, 10.0, 10.0, 10.0, 30.221874995203954, 30.22187499597751, 30.221875010091463, 30.22187499872721], [85.44374999999995, 85.44374999999995], [11.833269547755094, 11.83326962159256, 11.83326962158968, 11.833269581249766, 11.833269583285606, 11.833269590235007, 49.94394122715331, 49.94394122715076], [15.62159554708638, 15.621595547029804, 15.62159554707731, 15.621595547108381, 15.621595547071015, 15.621595547061787, 15.621595547037934, 15.621595547065963, 15.621595547048571, 10.097713358817918, 10.097713358761665, 10.097713358833072], [24.412500000000044, 24.412500000000087, 24.412499999999973, 24.412499999999934, 24.41249999999997, 24.412500000000048, 24.412499999999945], [28.481249999999964, 28.481250000000042, 28.481250000000006, 28.48124999999999, 28.481249999999974, 28.481249999999978], [10.098452401495726, 10.098452401552052, 10.098452401124542, 10.098452401468766, 10.09845240138172, 10.098452401841767, 10.098452401639566, 10.09845240152072, 10.098452401489673, 10.000171277151816, 10.000171277151894, 10.000171277151935, 10.00018291100612, 10.000182911005924, 10.000182911005773, 10.000182911005806, 10.00018291100628], [10.001047471005647, 10.00104747108153, 10.001047514724673, 10.00104746848097, 10.00104746843785, 10.00104746846649, 10.00104746841362, 10.001047468425895, 10.00104746844927, 15.913466138327072, 15.913466138357096, 15.913466138347436, 16.568837158743918, 16.568837158738425], [11.209663465627699, 11.20966346559698, 11.209663465629802, 11.209663465615352, 11.209663465634565, 11.209663465621237, 11.209663465619268, 11.209663465625956, 11.209663465617957, 10.000083359772932, 10.000083359772937, 10.00008335977293, 10.000069682523065, 10.000069682523089, 10.000069682523092, 10.000069682523064], [14.542980527542882, 14.542980527564488, 14.54298052754212, 14.542980527550013, 14.542980527544694, 14.542980527549393, 14.5429805275453, 14.542980527550817, 14.542980527557658, 10.000163200902715, 10.000163200902723, 10.000163200902712, 10.00018564934442], [10.455199651582838, 10.455199651582813, 10.45519965158276, 10.455199651582758, 10.45519965158278, 10.455199651582761, 10.455199651606, 10.45519965158288, 10.455199651582808, 13.188885833550751, 13.188885833550797, 13.188885833550794, 12.408015211693145, 12.408015211693135, 12.408015211693096], [42.721875000000004, 42.721874999999926, 42.72187499999999, 42.72187500000004], [30.29583333107177, 30.29583333582073, 30.295833333078125, 10.0, 10.0, 10.0, 10.0, 10.0, 10.0, 10.000000000015483, 10.000000000015454], [11.273476057499009, 11.27347605512561, 11.273476062655, 11.273477640866531, 11.27347606278887, 11.27347764196309, 11.273476055569908, 10.34233974048387, 10.342339740491669, 71.28848494255637]]}