{"cycles": [3, 2, 4, 30, 36, 39, 42, 44, 45], "price_costs": [0.24447499999999991, 0.24447499999999997, 0.2794749999999999, 2.134999999999999, 2.5690000000004196, 2.7860000000033263, 2.9679999999999978, 3.135999999999998, 3.220000000000499], "on_times": [[5.0, 8.615336292761635, 7.75966370723836], [5.0, 16.375], [5.0, 5.0, 5.687499999999998, 5.687499999999998], [5.0, 5.0, 5.0, 5.0, 5.0, 5.0, 5.0, 5.0, 5.0, 5.0, 5.0, 5.0, 5.0, 5.0, 5.0, 5.0, 5.0, 5.0, 5.0, 5.0, 5.0, 5.0, 5.0, 5.0, 5.0, 5.0, 5.0, 5.0, 5.0, 5.0], [5.000000000000909, 5.00000000000121, 5.00000000000045, 5.000000000001099, 5.000000000000749, 5.000000000000641, 5.000000000000468, 5.000000000000677, 5.000000000000923, 5.000000000000727, 5.000000000000822, 5.000000000001063, 5.00000000000078, 5.000000000000915, 5.000000000000752, 5.000000000000861, 5.000000000000834, 5.000000000000716, 5.000000000000746, 5.000000000000743, 5.0000000000011235, 5.000000000000783, 5.000000000000899, 5.000000000000692, 5.000000000000943, 5.000000000000889, 5.000000000000756, 5.0000000000007985, 5.000000000000742, 5.000000000000872, 5.000000000000806, 5.000000000000871, 5.0000000000007985, 5.000000000000824, 5.000000000000714, 5.00000000000081], [5.000000000005852, 5.000000000005849, 5.000000000005873, 5.000000000005731, 5.000000000005809, 5.000000000005859, 5.000000000005811, 5.000000000005819, 5.0000000000059215, 5.000000000005823, 5.000000000005989, 5.00000000000585, 5.000000000005857, 5.000000000005668, 5.000000000005847, 5.000000000005773, 5.000000000005875, 5.0000000000058105, 5.000000000005821, 5.000000000005814, 5.000000000005839, 5.00000000000582, 5.000000000005883, 5.000000000005848, 5.0000000000058415, 5.000000000005794, 5.0000000000057865, 5.000000000005836, 5.000000000005802, 5.000000000005757, 5.000000000006662, 5.00000000000667, 5.000000000006843, 5.000000000006888, 5.000000000006418, 5.000000000006675, 5.000000000006769, 5.000000000006743, 5.000000000006698], [5.0, 5.0, 5.0, 5.0, 5.0, 5.0, 5.0, 5.0, 5.0, 5.0, 5.0, 5.0, 5.0, 5.0, 5.0, 5.0, 5.0, 5.0, 5.0, 5.0, 5.0, 5.0, 5.0, 5.0, 5.0, 5.0, 5.0, 5.0, 5.0, 5.0, 5.0, 5.0, 5.0, 5.0, 5.0, 5.0, 5.0, 5.0, 5.0, 5.0, 5.0, 5.0], [5.0, 5.0, 5.0, 5.0, 5.0, 5.0, 5.0, 5.0, 5.0, 5.0, 5.0, 5.0, 5.0, 5.0, 5.0, 5.0, 5.0, 5.0, 5.0, 5.0, 5.0, 5.0, 5.0, 5.0, 5.0, 5.0, 5.0, 5.0, 5.0, 5.0, 5.0, 5.0, 5.0, 5.0, 5.0, 5.0, 5.0, 5.0, 5.0, 5.0, 5.0, 5.0, 5.0, 5.0], [5.000000000000692, 5.000000000000749, 5.000000000001179, 5.000000000000571, 5.000000000000089, 5.000000000001337, 5.000000000000252, 5.0, 5.000000000000902, 5.000000000000633, 5.000000000001024, 5.000000000001003, 5.000000000000752, 5.000000000000833, 5.000000000000765, 5.0000000000007825, 5.000000000000962, 5.000000000000847, 5.000000000000706, 5.000000000000832, 5.000000000000719, 5.000000000000816, 5.000000000000823, 5.000000000000975, 5.0000000000008615, 5.0000000000008455, 5.000000000000765, 5.0000000000009335, 5.000000000000809, 5.000000000000616, 5.000000000000773, 5.000000000000919, 5.000000000000834, 5.000000000000704, 5.000000000000799, 5.000000000000826, 5.0000000000008304, 5.000000000000781, 5.0000000000009885, 5.000000000000848, 5.0000000000008535, 5.000000000000787, 5.000000000000374, 5.0000000000007425, 5.000000000000759]], "off_times": [[143.19357885438222, 143.1935788543825, 142.2378422912353], [214.3125, 214.3125], [107.15625000000001, 107.15625, 107.15624999999999, 107.15625], [10.037393117804738, 10.037393117804738, 10.037393117804738, 10.037393117804738, 10.037393117804738, 10.037393117804738, 10.037393117804738, 10.037393117804738, 10.037393117804738, 10.037393117804738, 10.037393117804738, 10.037393117804738, 10.037393117804738, 10.037393117804738, 10.037393117804738, 10.037393117804738, 10.037393117804738, 10.037393117804738, 10.037393117804738, 10.037393117804738, 10.037393117804738, 10.037393117804738, 10.037393117804738, 10.037393117804738, 10.037393117804738, 10.037393117804738, 10.037393117804738, 10.037393117804738, 10.037393117804738, 10.037393117804738], [8.021907123285862, 8.021907123286027, 8.021907123285908, 8.021907123286011, 8.021907123285851, 8.021907123285821, 8.021907123286242, 8.021907123286221, 8.021907123286464, 8.021907123285839, 8.021907123286018, 8.021907123285832, 8.02190712328653, 8.021907123286223, 8.021907123287159, 8.021907123286217, 8.021907123286457, 8.021907123285969, 8.02190712328624, 8.021907123286784, 8.021907123286528, 8.021907123286391, 8.021907123286212, 8.021907123286606, 8.021907123286082, 8.021907123286399, 8.021907123286478, 8.021907123286667, 8.021907123286944, 8.021907123286962, 5.000000000043654, 5.000000000043369, 5.000000000042888, 5.000000000043728, 5.000000000044442, 5.000000000044484], [6.73764649421414, 6.737646494214148, 6.737646494214141, 6.737646494214123, 6.737646494214149, 6.73764649421414, 6.737646494214149, 6.737646494214175, 6.737646494214157, 6.737646494214136, 6.737646494214165, 6.737646494214173, 6.73764649421415, 6.737646494214125, 6.73764649421416, 6.737646494214155, 6.737646494214179, 6.73764649421415, 6.7376464942141165, 6.737646494214132, 6.737646494214139, 6.737646494214169, 6.737646494214175, 6.737646494214148, 6.737646494214151, 6.737646494214139, 6.737646494214146, 6.737646494214156, 6.7376464942141485, 6.737646494214136, 5.114148163195569, 5.114148163195566, 5.11414816319554, 5.114148163195554, 5.1141481631955505, 5.11414816319555, 5.114148163195554, 5.114148163195562, 5.114148163195556], [6.139344205953149, 6.13934420595866, 6.139344205959132, 6.139344205963009, 6.139344205962157, 6.1393442059629235, 6.1393442059630114, 6.139344205957459, 6.139344205958144, 6.139344205962254, 6.13934420596218, 6.139344205962953, 6.139344205962819, 6.139344205962935, 6.1393442059632095, 6.1393442059581735, 6.139344205959002, 6.139344205959056, 6.139344205953876, 6.139344205953222, 6.13934420595355, 6.139344205953476, 6.139344205958868, 6.139344205953462, 6.139344205953317, 6.139344205953503, 6.139344205958424, 6.139344205953405, 6.139344205958554, 6.139344205953546, 5.000000000002025, 5.000000000002095, 5.000000000002238, 5.00000000000205, 5.0000000000023626, 5.000000000002041, 5.000000000002345, 5.000000000002271, 5.000000000002252, 5.0000000000020215, 5.000000000002054, 5.000000000001963], [5.365232253077813, 5.365232253077579, 5.365232253077529, 5.365232253076345, 5.365232253076869, 5.365232253077514, 5.365232253077098, 5.365232253077057, 5.365232253077242, 5.365232253076411, 5.365232253076541, 5.365232253077317, 5.365232253077579, 5.3652322530777585, 5.365232253078128, 5.365232253077924, 5.365232253077953, 5.365232253077944, 5.365232253078431, 5.3652322530779575, 5.365232253079318, 5.36523225307916, 5.365232253078774, 5.365232253079526, 5.365232253079093, 5.365232253078892, 5.365232253078194, 5.365232253078166, 5.365232253078276, 5.365232253078019, 5.000000001000732, 5.000000001000347, 5.0000000009997905, 5.000000001001117, 5.000000000998376, 5.00000000099997, 5.000000000997917, 5.000000000997192, 5.000000001003478, 5.000000001001133, 5.000000001002551, 5.000000000999282, 5.000000001002645, 5.000000000999019], [5.000660313275816, 5.000660313275644, 5.000660313275617, 5.000660313275647, 5.000660313275666, 5.0006603132756595, 5.000660313275717, 5.000660313275688, 5.000660313275629, 5.000660313275663, 5.000660313275709, 5.0006603132756515, 5.0006603132755645, 5.000660313275636, 5.000660313275624, 5.000660313275729, 5.000660313275614, 5.000660313275588, 5.000660313275662, 5.000660313275712, 5.000660313275692, 5.000660313275697, 5.000660313275577, 5.000660313275626, 5.000660313275619, 5.000660313275626, 5.000660313275677, 5.000660313275743, 5.00066031327558, 5.000660313275768, 5.000000000003181, 5.0000000000031966, 5.000000000003171, 5.000000000003178, 5.00000000000298, 5.000000000003029, 5.000000000003006, 5.0000000000031, 5.000000000003083, 5.000000000003143, 5.000000000003072, 5.000000000003078, 5.000000000002968, 5.000000000003067, 5.000000000003091]]}